Transaction Hash,Status,Method,BlockNo,DateTime (UTC),From,From_Nametag,To,To_Nametag,Amount,Value (USD),Token
"0x6d22e851e7b4519383cd08581a8669e25481f88a212f62ed007112391577ce09","Success","Transfer","10801544","2026-05-06 13:34:12","0xA776258a8A915D47a21856226f0ce4D543AF5E07","","0xd8519A8b8825Aa0DcC73aAD572f447FAE102fe88","","100","$0.00","ERC-20: Pay...USD"
"0x1373a133ae9e9384adab0712f6de372f37c24110f7034f993a1a882cdfce1a0f","Success","Transfer","9536235","2025-11-01 09:13:00","0x2567fF4BE9f21B1239c93aa3507DD2AC3d54B4f1","","0xd8519A8b8825Aa0DcC73aAD572f447FAE102fe88","","2","$0.00","ERC-20: Ond...VDA"
"0x7e2652b408d597da9622f3b20b0888f666dd34f63de49960e2fc58d3e77e8a42","Success","Transfer","9208886","2025-09-15 13:42:36","0x2567fF4BE9f21B1239c93aa3507DD2AC3d54B4f1","","0xd8519A8b8825Aa0DcC73aAD572f447FAE102fe88","","2","$0.00","ERC-20: Ond...VDA"
"0x7c433c02d72c619a7cdce54977e7a74facba7d2de141a9b7869303dc15e19588","Success","Transfer","9192229","2025-09-13 02:26:24","0x2567fF4BE9f21B1239c93aa3507DD2AC3d54B4f1","","0xd8519A8b8825Aa0DcC73aAD572f447FAE102fe88","","2","$0.00","ERC-20: Ond...VDA"
"0x9388cd8b0128e84c69b658c9c0eddcf1f38c06a151c0007f89544ca10a0ba936","Success","Transfer","9177776","2025-09-11 00:49:00","0x2567fF4BE9f21B1239c93aa3507DD2AC3d54B4f1","","0xd8519A8b8825Aa0DcC73aAD572f447FAE102fe88","","2","$0.00","ERC-20: Ond...VDA"
"0xf26a0abe34dd3b5c1624be7c3d3ba54c626a91580518c7ea2e7a7fc851480981","Success","Transfer","9170522","2025-09-10 00:06:24","0x2567fF4BE9f21B1239c93aa3507DD2AC3d54B4f1","","0xd8519A8b8825Aa0DcC73aAD572f447FAE102fe88","","2","$0.00","ERC-20: Ond...VDA"
"0x291c65069258ba91a732fd6fcde061ea7754699778ef1cfc0eac6ebf9eee4a48","Success","Transfer","9165435","2025-09-09 06:43:48","0x2567fF4BE9f21B1239c93aa3507DD2AC3d54B4f1","","0xd8519A8b8825Aa0DcC73aAD572f447FAE102fe88","","2","$0.00","ERC-20: Ond...VDA"
"0x3fb70748466134c0670186c14c14a44d5c6fad570ea0a5e21b6d28896af5c9b7","Success","Transfer","9115407","2025-09-02 04:33:24","0xd8519A8b8825Aa0DcC73aAD572f447FAE102fe88","","0xf505144570D98e0aa551bFCd3162c0c43a4CE316","","5,000","$0.00","ERC-20: USDC"
"0x4bcd53770228169736b6aa0f3e61eadba88069ed572344e0389d2392721b9f1e","Success","Transfer","9115404","2025-09-02 04:32:48","0xd8519A8b8825Aa0DcC73aAD572f447FAE102fe88","","0xf505144570D98e0aa551bFCd3162c0c43a4CE316","","8,888","$0.00","ERC-20: USDC"
"0xa21bb7d054be4605cb21852137be04c61a1758d8bb3ab3ea4d88bbada4612e14","Success","Multisend ERC20","9114570","2025-09-02 01:43:36","0xFAFd414ce90A2e31DCc0e5767B6f46100BBD2Bf1","","0xd8519A8b8825Aa0DcC73aAD572f447FAE102fe88","","2,222","$0.00","ERC-20: USDC"
"0x9a7cff1bd6dcffde2f1a04212998dc194d8179bdf0df046fccce7ecc83fae9a6","Success","Multisend ERC20","8927386","2025-08-06 19:36:12","0x135C653984C9e098cBe46529945733de6643F5f3","","0xd8519A8b8825Aa0DcC73aAD572f447FAE102fe88","","2,222","$0.00","ERC-20: USDC"
"0xc6578768d3104ab2cb75b2342be1abd093fddcd32afd7d6ac27a76ffc965b993","Success","Multisend ERC20","8923706","2025-08-06 07:16:48","0x135C653984C9e098cBe46529945733de6643F5f3","","0xd8519A8b8825Aa0DcC73aAD572f447FAE102fe88","","2,222","$0.00","ERC-20: USDC"
"0xe67c5c23990c059dd34d3a4c4fe08040ec693f06525b0affa5dd94aa04b4fbc3","Success","Multisend ERC20","8920123","2025-08-05 19:16:36","0x135C653984C9e098cBe46529945733de6643F5f3","","0xd8519A8b8825Aa0DcC73aAD572f447FAE102fe88","","2,222","$0.00","ERC-20: USDC"
"0x5df72cf6f16bd1ce06b6859fbbb0747751ac14ee11151dd07ea11016bd927330","Success","Multisend ERC20","8920122","2025-08-05 19:16:24","0x135C653984C9e098cBe46529945733de6643F5f3","","0xd8519A8b8825Aa0DcC73aAD572f447FAE102fe88","","1,000","$0.00","ERC-20: USDC"
"0xa217cbdf358eb095c1469b5cecb4a446d80e699f0dbf734c884645285d9ab961","Success","Multisend ERC20","8497906","2025-06-07 16:44:00","0x135C653984C9e098cBe46529945733de6643F5f3","","0xd8519A8b8825Aa0DcC73aAD572f447FAE102fe88","","1,000","$0.00","ERC-20: USDC"
"0xf6373089cb361a63c9513c7f3c96257bf88862db8671256b1ff3a5c08320555a","Success","Multisend ERC20","8481143","2025-06-05 08:43:00","0x135C653984C9e098cBe46529945733de6643F5f3","","0xd8519A8b8825Aa0DcC73aAD572f447FAE102fe88","","1,000","$0.00","ERC-20: USDC"
"0xb0f8e2e65824833fc7c09e35f48a062b498eee8e17b0a45b476ab0379ad41f1b","Success","Multisend ERC20","8473846","2025-06-04 08:21:24","0x135C653984C9e098cBe46529945733de6643F5f3","","0xd8519A8b8825Aa0DcC73aAD572f447FAE102fe88","","1,000","$0.00","ERC-20: USDC"
"0xf20579034af58a3df254745e9dbac2b292400c8193289a628ded4b881bb8d6c5","Success","Multisend ERC20","8469998","2025-06-03 19:30:00","0x135C653984C9e098cBe46529945733de6643F5f3","","0xd8519A8b8825Aa0DcC73aAD572f447FAE102fe88","","1,000","$0.00","ERC-20: USDC"